{"temparature": 21.01381323950557, "Humidity": 37.71634137478159, "Humidity Ratio": 60,"Light": 1155.6369433701502, "CO2": 1991.625899943421, "Occupancy":1}
{"temparature": 20.02648382248529, "Humidity": 37.03771258110602, "Humidity Ratio": 45,"Light": 1217.583112310057, "CO2": 1855.8275165098885, "Occupancy":1}
{"temparature": 21.069308063377694, "Humidity": 28.515505253986596, "Humidity Ratio": 12,"Light": 644.2436418731138, "CO2": 1750.6088805789827, "Occupancy":0}
{"temparature": 23.760119488535246, "Humidity": 27.452521348373452, "Humidity Ratio": 56,"Light": 1117.3347390071015, "CO2": 599.7517612696809, "Occupancy":1}
{"temparature": 21.665998971695394, "Humidity": 28.48085359260807, "Humidity Ratio": 32,"Light": 411.93423889713137, "CO2": 1797.6744415599135, "Occupancy":0}
{"temparature": 21.27289075878666, "Humidity": 18.877497809862074, "Humidity Ratio": 98,"Light": 58.23568594686712, "CO2": 1107.2717381840512, "Occupancy":1}
{"temparature": 23.12698368783025, "Humidity": 25.57285409075395, "Humidity Ratio": 66,"Light": 418.3375067969255, "CO2": 521.1794764863874, "Occupancy":0}